{
  "com.liferay.client.extension.type.configuration.CETConfiguration~numbers-font-override-global-css" : {
    ":configurator:policy" : "force",
    "baseURL" : "${portalURL}/o/font-override-css",
    "description" : "",
    "dxp.lxc.liferay.com.virtualInstanceId" : "default",
    "name" : "Numbers font override global css",
    "projectId" : "fontoverridecss",
    "projectName" : "font-override-css",
    "properties" : [ ],
    "sourceCodeURL" : "",
    "type" : "globalCSS",
    "typeSettings" : [ "url=global.css" ],
    "webContextPath" : "/font-override-css"
  }
}